{
    "left_camera": {
        "fx": 619.688049,
        "fy": 619.688049,
        "cx": 638.0,
        "cy": 396.0
    },
    "right_camera": {
        "fx": 619.688049,
        "fy": 619.688049,
        "cx": 638.0,
        "cy": 396.0
    },
    "stereo": {
        "baseline": 0.095
    }
}
